PAGE,TEXT
81776,Get It There by Christmas. Order by 11:59 p.m. ET(.)  December 6.
81775,Get It There by Christmas. Order by 11:59 p.m. ET(.) December 6.
81774,Get It There by Christmas. Order by 11:59 p.m. ET(.) December 6.
85516,Get It There by Christmas. Order by 11:59 p.m. ET(.) December 6.
85515,Get It There by Christmas. Order by 11:59 p.m. ET(.) December 6.
85514,Get It There by Christmas. Order by 11:59 p.m. ET(.) December 6.
85513,Get It There by Christmas. Order by 11:59 p.m. ET(.) December 6.
86942,Get It There by Christmas. Order by 11:59 p.m. ET(.) December 6.
87992,Get It There by Christmas. Order by 11:59 p.m. ET(.) December 6.
87991,Get It There by Christmas. Order by 11:59 p.m. ET(.) December 6.
87990,Get It There by Christmas. Order by 11:59 p.m. ET(.) December 6.
87989,Get It There by Christmas. Order by 11:59 p.m. ET(.) December 6.
87898,Get It There by Christmas. Order by 11:59 p.m. ET(.) December 6.
88189,Get It There by Christmas. Order by 11:59 p.m. ET(.) December 6.
88188,Get It There by Christmas. Order by 11:59 p.m. ET(.) December 6.
92598,Get It There by Christmas. Order by 11:59 p.m. ET(.) December 6.
38581,Get It There by Christmas. Order by 8 p.m. ET(.) December 6.
38956,Get It There by Christmas. Order by 8 p.m. ET(.) December 6.
50602,Get It There by Christmas. Order by 8 p.m. ET(.) December 6.
73397,Get It There by Christmas. Order by 8 p.m. ET(.) December 6.
77418,Get It There by Christmas. Order by 8 p.m. ET(.) December 6.
77414,Get It There by Christmas. Order by 8 p.m. ET(.) December 6.
78135,Get It There by Christmas. Order by 8 p.m. ET(.) December 6.
78134,Get It There by Christmas. Order by 8 p.m. ET(.) December 6.
81279,Get It There by Christmas. Order by 8 p.m. ET(.) December 6.
81278,Get It There by Christmas. Order by 8 p.m. ET(.) December 6.
81276,Get It There by Christmas. Order by 8 p.m. ET(.) December 6.
81275,Get It There by Christmas. Order by 8 p.m. ET(.) December 6.
85070,Get It There by Christmas. Order by 8 p.m. ET(.) December 6.
85067,Get It There by Christmas. Order by 8 p.m. ET(.) December 6.
85354,Get It There by Christmas. Order by 8 p.m. ET(.) December 6.
85065,Get It There by Christmas. Order by 8 p.m. ET(.) December 6.
85776,Get It There by Christmas. Order by 8 p.m. ET(.) December 6.
85775,Get It There by Christmas. Order by 8 p.m. ET(.) December 6.
85774,Get It There by Christmas. Order by 8 p.m. ET(.) December 6.
85773,Get It There by Christmas. Order by 8 p.m. ET(.) December 6.
87012,Get It There by Christmas. Order by 8 p.m. ET(.) December 6.
85772,Get It There by Christmas. Order by 8 p.m. ET(.) December 6.
85771,Get It There by Christmas. Order by 8 p.m. ET(.) December 6.
85769,Get It There by Christmas. Order by 8 p.m. ET(.) December 6.
85770,Get It There by Christmas. Order by 8 p.m. ET(.) December 6.
85768,Get It There by Christmas. Order by 8 p.m. ET(.) December 6.
85766,Get It There by Christmas. Order by 8 p.m. ET(.) December 6.
85767,Get It There by Christmas. Order by 8 p.m. ET(.) December 6.
85765,Get It There by Christmas. Order by 8 p.m. ET(.) December 6.
87011,Get It There by Christmas. Order by 8 p.m. ET(.) December 6.
87010,Get It There by Christmas. Order by 8 p.m. ET(.) December 6.
87009,Get It There by Christmas. Order by 8 p.m. ET(.) December 6.
87637,Get It There by Christmas. Order by 8 p.m. ET(.) December 6.
87611,Get It There by Christmas. Order by 8 p.m. ET(.) December 6.
87498,Get It There by Christmas. Order by 8 p.m. ET(.) December 6.
87497,Get It There by Christmas. Order by 8 p.m. ET(.) December 6.
87818,Get It There by Christmas. Order by 8 p.m. ET(.) December 6.
87817,Get It There by Christmas. Order by 8 p.m. ET(.) December 6.
87816,Get It There by Christmas. Order by 8 p.m. ET(.) December 6.
87815,Get It There by Christmas. Order by 8 p.m. ET(.) December 6.
87814,Get It There by Christmas. Order by 8 p.m. ET(.) December 6.
87813,Get It There by Christmas. Order by 8 p.m. ET(.) December 6.
87812,Get It There by Christmas. Order by 8 p.m. ET(.) December 6.
87811,Get It There by Christmas. Order by 8 p.m. ET(.) December 6.
87810,Get It There by Christmas. Order by 8 p.m. ET(.) December 6.
87809,Get It There by Christmas. Order by 8 p.m. ET(.) December 6.
87803,Get It There by Christmas. Order by 8 p.m. ET(.) December 6.
87802,Get It There by Christmas. Order by 8 p.m. ET(.) December 6.
87801,Get It There by Christmas. Order by 8 p.m. ET(.) December 6.
87799,Get It There by Christmas. Order by 8 p.m. ET(.) December 6.
87715,Get It There by Christmas. Order by 8 p.m. ET(.) December 6.
87714,Get It There by Christmas. Order by 8 p.m. ET(.) December 6.
87794,Get It There by Christmas. Order by 8 p.m. ET(.) December 6.
87979,Get It There by Christmas. Order by 8 p.m. ET(.) December 6.
87978,Get It There by Christmas. Order by 8 p.m. ET(.) December 6.
87977,Get It There by Christmas. Order by 8 p.m. ET(.) December 6.
87971,Get It There by Christmas. Order by 8 p.m. ET(.) December 6.
87968,Get It There by Christmas. Order by 8 p.m. ET(.) December 6.
87899,Get It There by Christmas. Order by 8 p.m. ET(.) December 6.
88871,Get It There by Christmas. Order by 8 p.m. ET(.) December 6.
88875,Get It There by Christmas. Order by 8 p.m. ET(.) December 6.
38653,Get It There by Christmas. Order by 11:59 p.m. ET(.) December 8.
44593,Get It There by Christmas. Order by 11:59 p.m. ET(.) December 8.
44595,Get It There by Christmas. Order by 11:59 p.m. ET(.) December 8.
59134,Get It There by Christmas. Order by 11:59 p.m. ET(.) December 8.
59133,Get It There by Christmas. Order by 11:59 p.m. ET(.) December 8.
59062,Get It There by Christmas. Order by 11:59 p.m. ET(.) December 8.
59061,Get It There by Christmas. Order by 11:59 p.m. ET(.) December 8.
66405,Get It There by Christmas. Order by 11:59 p.m. ET(.) December 8.
66403,Get It There by Christmas. Order by 11:59 p.m. ET(.) December 8.
75034,Get It There by Christmas. Order by 11:59 p.m. ET(.) December 8.
75033,Get It There by Christmas. Order by 11:59 p.m. ET(.) December 8.
76938,Get It There by Christmas. Order by 11:59 p.m. ET(.) December 8.
79270,Get It There by Christmas. Order by 11:59 p.m. ET(.) December 8.
79271,Get It There by Christmas. Order by 11:59 p.m. ET(.) December 8.
79272,Get It There by Christmas. Order by 11:59 p.m. ET(.) December 8.
83852,Get It There by Christmas. Order by 11:59 p.m. ET(.) December 8.
83847,Get It There by Christmas. Order by 11:59 p.m. ET(.) December 8.
86022,Get It There by Christmas. Order by 11:59 p.m. ET(.) December 8.
86023,Get It There by Christmas. Order by 11:59 p.m. ET(.) December 8.
86024,Get It There by Christmas. Order by 11:59 p.m. ET(.) December 8.
86025,Get It There by Christmas. Order by 11:59 p.m. ET(.) December 8.
92592,Get It There by Christmas. Order by 11:59 p.m. ET(.) December 8.
92593,Get It There by Christmas. Order by 11:59 p.m. ET(.) December 8.
92594,Get It There by Christmas. Order by 11:59 p.m. ET(.) December 8.
