day,pp_id,server,path,date,image
13-Dec,18145,www.llbean.com,/llb/shop/,,151211_P5_20.png
13-Dec,18160,www.llbean.com,/llb/shop/,,151211_P5_20.png
13-Dec,18162,www.llbean.com,/llb/shop/,,151211_P5_20.png
13-Dec,19511,www.llbean.com,/llb/shop/,,151211_P5_20.png
13-Dec,22350,www.llbean.com,/llb/shop/,,151211_P5_20.png
13-Dec,22351,www.llbean.com,/llb/shop/,,151211_P5_20.png
13-Dec,22782,www.llbean.com,/llb/shop/,,151211_P5_20.png
13-Dec,31482,www.llbean.com,/llb/shop/,,151211_P5_20.png
13-Dec,32422,www.llbean.com,/llb/shop/,,151211_P5_20.png
13-Dec,32708,www.llbean.com,/llb/shop/,,151211_P5_20.png
13-Dec,32709,www.llbean.com,/llb/shop/,,151211_P5_20.png
13-Dec,32710,www.llbean.com,/llb/shop/,,151211_P5_20.png
13-Dec,32711,www.llbean.com,/llb/shop/,,151211_P5_20.png
13-Dec,33597,www.llbean.com,/llb/shop/,,151211_P5_20.png
13-Dec,35734,www.llbean.com,/llb/shop/,,151211_P5_20.png
13-Dec,36296,www.llbean.com,/llb/shop/,,151211_P5_20.png
13-Dec,36820,www.llbean.com,/llb/shop/,,151211_P5_20.png
13-Dec,36825,www.llbean.com,/llb/shop/,,151211_P5_20.png
13-Dec,37847,www.llbean.com,/llb/shop/,,151211_P5_20.png
13-Dec,38152,www.llbean.com,/llb/shop/,,151211_P5_20.png
13-Dec,38754,www.llbean.com,/llb/shop/,,151211_P5_20.png
13-Dec,39420,www.llbean.com,/llb/shop/,,151211_P5_20.png
13-Dec,40104,www.llbean.com,/llb/shop/,,151211_P5_20.png
13-Dec,40645,www.llbean.com,/llb/shop/,,151211_P5_20.png
13-Dec,40647,www.llbean.com,/llb/shop/,,151211_P5_20.png
13-Dec,40651,www.llbean.com,/llb/shop/,,151211_P5_20.png
13-Dec,42239,www.llbean.com,/llb/shop/,,151211_P5_20.png
13-Dec,42587,www.llbean.com,/llb/shop/,,151211_P5_20.png
13-Dec,43205,www.llbean.com,/llb/shop/,,151211_P5_20.png
13-Dec,45193,www.llbean.com,/llb/shop/,,151211_P5_20.png
13-Dec,45313,www.llbean.com,/llb/shop/,,151211_P5_20.png
13-Dec,47449,www.llbean.com,/llb/shop/,,151211_P5_20.png
13-Dec,47461,www.llbean.com,/llb/shop/,,151211_P5_20.png
13-Dec,49311,www.llbean.com,/llb/shop/,,151211_P5_20.png
13-Dec,49332,www.llbean.com,/llb/shop/,,151211_P5_20.png
13-Dec,49348,www.llbean.com,/llb/shop/,,151211_P5_20.png
13-Dec,49349,www.llbean.com,/llb/shop/,,151211_P5_20.png
13-Dec,51558,www.llbean.com,/llb/shop/,,151211_P5_20.png
13-Dec,52549,www.llbean.com,/llb/shop/,,151211_P5_20.png
13-Dec,52551,www.llbean.com,/llb/shop/,,151211_P5_20.png
13-Dec,53125,www.llbean.com,/llb/shop/,,151211_P5_20.png
13-Dec,53127,www.llbean.com,/llb/shop/,,151211_P5_20.png
13-Dec,54273,www.llbean.com,/llb/shop/,,151211_P5_20.png
13-Dec,54443,www.llbean.com,/llb/shop/,,151211_P5_20.png
13-Dec,54444,www.llbean.com,/llb/shop/,,151211_P5_20.png
13-Dec,55695,www.llbean.com,/llb/shop/,,151211_P5_20.png
13-Dec,55696,www.llbean.com,/llb/shop/,,151211_P5_20.png
13-Dec,55697,www.llbean.com,/llb/shop/,,151211_P5_20.png
13-Dec,55700,www.llbean.com,/llb/shop/,,151211_P5_20.png
13-Dec,55701,www.llbean.com,/llb/shop/,,151211_P5_20.png
13-Dec,55702,www.llbean.com,/llb/shop/,,151211_P5_20.png
13-Dec,55703,www.llbean.com,/llb/shop/,,151211_P5_20.png
13-Dec,55705,www.llbean.com,/llb/shop/,,151211_P5_20.png
13-Dec,56044,www.llbean.com,/llb/shop/,,151211_P5_20.png
13-Dec,56208,www.llbean.com,/llb/shop/,,151211_P5_20.png
13-Dec,56368,www.llbean.com,/llb/shop/,,151211_P5_20.png
13-Dec,56806,www.llbean.com,/llb/shop/,,151211_P5_20.png
13-Dec,57143,www.llbean.com,/llb/shop/,,151211_P5_20.png
13-Dec,57983,www.llbean.com,/llb/shop/,,151211_P5_20.png
13-Dec,58348,www.llbean.com,/llb/shop/,,151211_P5_20.png
13-Dec,58353,www.llbean.com,/llb/shop/,,151211_P5_20.png
13-Dec,58354,www.llbean.com,/llb/shop/,,151211_P5_20.png
13-Dec,58355,www.llbean.com,/llb/shop/,,151211_P5_20.png
13-Dec,58356,www.llbean.com,/llb/shop/,,151211_P5_20.png
13-Dec,58375,www.llbean.com,/llb/shop/,,151211_P5_20.png
13-Dec,58576,www.llbean.com,/llb/shop/,,151211_P5_20.png
13-Dec,58577,www.llbean.com,/llb/shop/,,151211_P5_20.png
13-Dec,58578,www.llbean.com,/llb/shop/,,151211_P5_20.png
13-Dec,58717,www.llbean.com,/llb/shop/,,151211_P5_20.png
13-Dec,58718,www.llbean.com,/llb/shop/,,151211_P5_20.png
13-Dec,58759,www.llbean.com,/llb/shop/,,151211_P5_20.png
13-Dec,59234,www.llbean.com,/llb/shop/,,151211_P5_20.png
13-Dec,59375,www.llbean.com,/llb/shop/,,151211_P5_20.png
13-Dec,60551,www.llbean.com,/llb/shop/,,151211_P5_20.png
13-Dec,60890,www.llbean.com,/llb/shop/,,151211_P5_20.png
13-Dec,61166,www.llbean.com,/llb/shop/,,151211_P5_20.png
13-Dec,62072,www.llbean.com,/llb/shop/,,151211_P5_20.png
13-Dec,62074,www.llbean.com,/llb/shop/,,151211_P5_20.png
13-Dec,62080,www.llbean.com,/llb/shop/,,151211_P5_20.png
13-Dec,62094,www.llbean.com,/llb/shop/,,151211_P5_20.png
13-Dec,62195,www.llbean.com,/llb/shop/,,151211_P5_20.png
13-Dec,62251,www.llbean.com,/llb/shop/,,151211_P5_20.png
13-Dec,63155,www.llbean.com,/llb/shop/,,151211_P5_20.png
13-Dec,63157,www.llbean.com,/llb/shop/,,151211_P5_20.png
13-Dec,63158,www.llbean.com,/llb/shop/,,151211_P5_20.png
13-Dec,63484,www.llbean.com,/llb/shop/,,151211_P5_20.png
13-Dec,64715,www.llbean.com,/llb/shop/,,151211_P5_20.png
13-Dec,64731,www.llbean.com,/llb/shop/,,151211_P5_20.png
13-Dec,65444,www.llbean.com,/llb/shop/,,151211_P5_20.png
13-Dec,65445,www.llbean.com,/llb/shop/,,151211_P5_20.png
13-Dec,65446,www.llbean.com,/llb/shop/,,151211_P5_20.png
13-Dec,65660,www.llbean.com,/llb/shop/,,151211_P5_20.png
13-Dec,65661,www.llbean.com,/llb/shop/,,
13-Dec,66013,www.llbean.com,/llb/shop/,,
13-Dec,66014,www.llbean.com,/llb/shop/,,
13-Dec,67450,www.llbean.com,/llb/shop/,,
13-Dec,67539,www.llbean.com,/llb/shop/,,
13-Dec,67540,www.llbean.com,/llb/shop/,,
13-Dec,67541,www.llbean.com,/llb/shop/,,
13-Dec,67624,www.llbean.com,/llb/shop/,,
13-Dec,67625,www.llbean.com,/llb/shop/,,
13-Dec,67629,www.llbean.com,/llb/shop/,,
13-Dec,67631,www.llbean.com,/llb/shop/,,
13-Dec,67632,www.llbean.com,/llb/shop/,,
13-Dec,67633,www.llbean.com,/llb/shop/,,
13-Dec,67635,www.llbean.com,/llb/shop/,,
13-Dec,67676,www.llbean.com,/llb/shop/,,
13-Dec,67677,www.llbean.com,/llb/shop/,,
13-Dec,68179,www.llbean.com,/llb/shop/,,
13-Dec,70113,www.llbean.com,/llb/shop/,,
13-Dec,70449,www.llbean.com,/llb/shop/,,
13-Dec,70956,www.llbean.com,/llb/shop/,,
13-Dec,70967,www.llbean.com,/llb/shop/,,
13-Dec,71698,www.llbean.com,/llb/shop/,,
13-Dec,71993,www.llbean.com,/llb/shop/,,
13-Dec,72004,www.llbean.com,/llb/shop/,,
13-Dec,72336,www.llbean.com,/llb/shop/,,
13-Dec,72897,www.llbean.com,/llb/shop/,,
13-Dec,72900,www.llbean.com,/llb/shop/,,
13-Dec,72909,www.llbean.com,/llb/shop/,,
13-Dec,72910,www.llbean.com,/llb/shop/,,
13-Dec,73085,www.llbean.com,/llb/shop/,,
13-Dec,73107,www.llbean.com,/llb/shop/,,
13-Dec,74290,www.llbean.com,/llb/shop/,,
13-Dec,74749,www.llbean.com,/llb/shop/,,
13-Dec,74846,www.llbean.com,/llb/shop/,,
13-Dec,74859,www.llbean.com,/llb/shop/,,
13-Dec,74864,www.llbean.com,/llb/shop/,,
13-Dec,74871,www.llbean.com,/llb/shop/,,
13-Dec,74878,www.llbean.com,/llb/shop/,,
13-Dec,74880,www.llbean.com,/llb/shop/,,
13-Dec,75097,www.llbean.com,/llb/shop/,,
13-Dec,75104,www.llbean.com,/llb/shop/,,
13-Dec,75195,www.llbean.com,/llb/shop/,,
13-Dec,75207,www.llbean.com,/llb/shop/,,
13-Dec,75210,www.llbean.com,/llb/shop/,,
13-Dec,75211,www.llbean.com,/llb/shop/,,
13-Dec,76093,www.llbean.com,/llb/shop/,,
13-Dec,76148,www.llbean.com,/llb/shop/,,
13-Dec,76637,www.llbean.com,/llb/shop/,,
13-Dec,76724,www.llbean.com,/llb/shop/,,
13-Dec,76725,www.llbean.com,/llb/shop/,,
13-Dec,76886,www.llbean.com,/llb/shop/,,
13-Dec,76887,www.llbean.com,/llb/shop/,,
13-Dec,77036,www.llbean.com,/llb/shop/,,
13-Dec,77046,www.llbean.com,/llb/shop/,,
13-Dec,77048,www.llbean.com,/llb/shop/,,
13-Dec,77440,www.llbean.com,/llb/shop/,,
13-Dec,77450,www.llbean.com,/llb/shop/,,
13-Dec,77451,www.llbean.com,/llb/shop/,,
13-Dec,77481,www.llbean.com,/llb/shop/,,
13-Dec,77520,www.llbean.com,/llb/shop/,,
13-Dec,77536,www.llbean.com,/llb/shop/,,
13-Dec,77556,www.llbean.com,/llb/shop/,,
13-Dec,77612,www.llbean.com,/llb/shop/,,
13-Dec,77623,www.llbean.com,/llb/shop/,,
13-Dec,77677,www.llbean.com,/llb/shop/,,
13-Dec,77869,www.llbean.com,/llb/shop/,,
13-Dec,78247,www.llbean.com,/llb/shop/,,
13-Dec,78414,www.llbean.com,/llb/shop/,,
13-Dec,78547,www.llbean.com,/llb/shop/,,
13-Dec,78551,www.llbean.com,/llb/shop/,,
13-Dec,78705,www.llbean.com,/llb/shop/,,
13-Dec,78706,www.llbean.com,/llb/shop/,,
13-Dec,78721,www.llbean.com,/llb/shop/,,
13-Dec,78722,www.llbean.com,/llb/shop/,,
13-Dec,78723,www.llbean.com,/llb/shop/,,
13-Dec,78757,www.llbean.com,/llb/shop/,,
13-Dec,78759,www.llbean.com,/llb/shop/,,
13-Dec,78766,www.llbean.com,/llb/shop/,,
13-Dec,78785,www.llbean.com,/llb/shop/,,
13-Dec,78786,www.llbean.com,/llb/shop/,,
13-Dec,78787,www.llbean.com,/llb/shop/,,
13-Dec,78831,www.llbean.com,/llb/shop/,,
13-Dec,78832,www.llbean.com,/llb/shop/,,
13-Dec,78874,www.llbean.com,/llb/shop/,,
13-Dec,78966,www.llbean.com,/llb/shop/,,
13-Dec,79007,www.llbean.com,/llb/shop/,,
13-Dec,79045,www.llbean.com,/llb/shop/,,
13-Dec,79131,www.llbean.com,/llb/shop/,,
13-Dec,79149,www.llbean.com,/llb/shop/,,
13-Dec,79150,www.llbean.com,/llb/shop/,,
13-Dec,79159,www.llbean.com,/llb/shop/,,
13-Dec,79166,www.llbean.com,/llb/shop/,,
13-Dec,79629,www.llbean.com,/llb/shop/,,
13-Dec,79671,www.llbean.com,/llb/shop/,,
13-Dec,79675,www.llbean.com,/llb/shop/,,
13-Dec,79730,www.llbean.com,/llb/shop/,,
13-Dec,79732,www.llbean.com,/llb/shop/,,
13-Dec,79847,www.llbean.com,/llb/shop/,,
13-Dec,80008,www.llbean.com,/llb/shop/,,
13-Dec,80142,www.llbean.com,/llb/shop/,,
13-Dec,80144,www.llbean.com,/llb/shop/,,
13-Dec,80145,www.llbean.com,/llb/shop/,,
13-Dec,80372,www.llbean.com,/llb/shop/,,
13-Dec,80618,www.llbean.com,/llb/shop/,,
13-Dec,80619,www.llbean.com,/llb/shop/,,
13-Dec,80620,www.llbean.com,/llb/shop/,,
13-Dec,80621,www.llbean.com,/llb/shop/,,
13-Dec,80663,www.llbean.com,/llb/shop/,,
13-Dec,80664,www.llbean.com,/llb/shop/,,
13-Dec,80751,www.llbean.com,/llb/shop/,,
13-Dec,80752,www.llbean.com,/llb/shop/,,
13-Dec,80963,www.llbean.com,/llb/shop/,,
13-Dec,80964,www.llbean.com,/llb/shop/,,
13-Dec,81133,www.llbean.com,/llb/shop/,,
13-Dec,81134,www.llbean.com,/llb/shop/,,
13-Dec,81337,www.llbean.com,/llb/shop/,,
13-Dec,81464,www.llbean.com,/llb/shop/,,
13-Dec,81625,www.llbean.com,/llb/shop/,,
13-Dec,82015,www.llbean.com,/llb/shop/,,
13-Dec,82016,www.llbean.com,/llb/shop/,,
13-Dec,82283,www.llbean.com,/llb/shop/,,
13-Dec,82367,www.llbean.com,/llb/shop/,,
13-Dec,82446,www.llbean.com,/llb/shop/,,
13-Dec,82448,www.llbean.com,/llb/shop/,,
13-Dec,82450,www.llbean.com,/llb/shop/,,
13-Dec,82528,www.llbean.com,/llb/shop/,,
13-Dec,82560,www.llbean.com,/llb/shop/,,
13-Dec,82641,www.llbean.com,/llb/shop/,,
13-Dec,82642,www.llbean.com,/llb/shop/,,
13-Dec,82656,www.llbean.com,/llb/shop/,,
13-Dec,82759,www.llbean.com,/llb/shop/,,
13-Dec,82922,www.llbean.com,/llb/shop/,,
13-Dec,82925,www.llbean.com,/llb/shop/,,
13-Dec,82931,www.llbean.com,/llb/shop/,,
13-Dec,82932,www.llbean.com,/llb/shop/,,
13-Dec,83126,www.llbean.com,/llb/shop/,,
13-Dec,83127,www.llbean.com,/llb/shop/,,
13-Dec,83129,www.llbean.com,/llb/shop/,,
13-Dec,83189,www.llbean.com,/llb/shop/,,
13-Dec,83280,www.llbean.com,/llb/shop/,,
13-Dec,83281,www.llbean.com,/llb/shop/,,
13-Dec,83320,www.llbean.com,/llb/shop/,,
13-Dec,83322,www.llbean.com,/llb/shop/,,
13-Dec,83385,www.llbean.com,/llb/shop/,,
13-Dec,83386,www.llbean.com,/llb/shop/,,
13-Dec,83413,www.llbean.com,/llb/shop/,,
13-Dec,83429,www.llbean.com,/llb/shop/,,
13-Dec,83448,www.llbean.com,/llb/shop/,,
13-Dec,83449,www.llbean.com,/llb/shop/,,
13-Dec,83450,www.llbean.com,/llb/shop/,,
13-Dec,83451,www.llbean.com,/llb/shop/,,
13-Dec,83460,www.llbean.com,/llb/shop/,,
13-Dec,83461,www.llbean.com,/llb/shop/,,
13-Dec,83552,www.llbean.com,/llb/shop/,,
13-Dec,83575,www.llbean.com,/llb/shop/,,
13-Dec,83580,www.llbean.com,/llb/shop/,,
13-Dec,83581,www.llbean.com,/llb/shop/,,
13-Dec,83725,www.llbean.com,/llb/shop/,,
13-Dec,83726,www.llbean.com,/llb/shop/,,
13-Dec,83788,www.llbean.com,/llb/shop/,,
13-Dec,83853,www.llbean.com,/llb/shop/,,
13-Dec,83945,www.llbean.com,/llb/shop/,,
13-Dec,84058,www.llbean.com,/llb/shop/,,
13-Dec,84059,www.llbean.com,/llb/shop/,,
13-Dec,84233,www.llbean.com,/llb/shop/,,
13-Dec,84234,www.llbean.com,/llb/shop/,,
13-Dec,84284,www.llbean.com,/llb/shop/,,
13-Dec,84329,www.llbean.com,/llb/shop/,,
13-Dec,84386,www.llbean.com,/llb/shop/,,
13-Dec,84701,www.llbean.com,/llb/shop/,,
13-Dec,84702,www.llbean.com,/llb/shop/,,
13-Dec,84704,www.llbean.com,/llb/shop/,,
13-Dec,84708,www.llbean.com,/llb/shop/,,
13-Dec,84709,www.llbean.com,/llb/shop/,,
13-Dec,84745,www.llbean.com,/llb/shop/,,
13-Dec,84853,www.llbean.com,/llb/shop/,,
13-Dec,84891,www.llbean.com,/llb/shop/,,
13-Dec,84894,www.llbean.com,/llb/shop/,,
13-Dec,84998,www.llbean.com,/llb/shop/,,
13-Dec,85163,www.llbean.com,/llb/shop/,,
13-Dec,85169,www.llbean.com,/llb/shop/,,
13-Dec,85208,www.llbean.com,/llb/shop/,,
13-Dec,85241,www.llbean.com,/llb/shop/,,
13-Dec,85263,www.llbean.com,/llb/shop/,,
13-Dec,85325,www.llbean.com,/llb/shop/,,
13-Dec,85542,www.llbean.com,/llb/shop/,,
13-Dec,85562,www.llbean.com,/llb/shop/,,
13-Dec,85803,www.llbean.com,/llb/shop/,,
13-Dec,85804,www.llbean.com,/llb/shop/,,
13-Dec,85805,www.llbean.com,/llb/shop/,,
13-Dec,85889,www.llbean.com,/llb/shop/,,
13-Dec,85902,www.llbean.com,/llb/shop/,,
13-Dec,86168,www.llbean.com,/llb/shop/,,
13-Dec,86169,www.llbean.com,/llb/shop/,,
13-Dec,86188,www.llbean.com,/llb/shop/,,
13-Dec,86189,www.llbean.com,/llb/shop/,,
13-Dec,86230,www.llbean.com,/llb/shop/,,
13-Dec,86231,www.llbean.com,/llb/shop/,,
13-Dec,86236,www.llbean.com,/llb/shop/,,
13-Dec,86238,www.llbean.com,/llb/shop/,,
13-Dec,86290,www.llbean.com,/llb/shop/,,
13-Dec,86291,www.llbean.com,/llb/shop/,,
13-Dec,86307,www.llbean.com,/llb/shop/,,
13-Dec,86312,www.llbean.com,/llb/shop/,,
13-Dec,86314,www.llbean.com,/llb/shop/,,
13-Dec,86377,www.llbean.com,/llb/shop/,,
13-Dec,86378,www.llbean.com,/llb/shop/,,
13-Dec,86379,www.llbean.com,/llb/shop/,,
13-Dec,86406,www.llbean.com,/llb/shop/,,
13-Dec,86491,www.llbean.com,/llb/shop/,,
13-Dec,86632,www.llbean.com,/llb/shop/,,
13-Dec,86633,www.llbean.com,/llb/shop/,,
13-Dec,86643,www.llbean.com,/llb/shop/,,
13-Dec,86703,www.llbean.com,/llb/shop/,,
13-Dec,86704,www.llbean.com,/llb/shop/,,
13-Dec,86705,www.llbean.com,/llb/shop/,,
13-Dec,86706,www.llbean.com,/llb/shop/,,
13-Dec,86707,www.llbean.com,/llb/shop/,,
13-Dec,86708,www.llbean.com,/llb/shop/,,
13-Dec,86719,www.llbean.com,/llb/shop/,,
13-Dec,86732,www.llbean.com,/llb/shop/,,
13-Dec,86734,www.llbean.com,/llb/shop/,,
13-Dec,86768,www.llbean.com,/llb/shop/,,
13-Dec,86769,www.llbean.com,/llb/shop/,,
13-Dec,86770,www.llbean.com,/llb/shop/,,
13-Dec,86771,www.llbean.com,/llb/shop/,,
13-Dec,86788,www.llbean.com,/llb/shop/,,
13-Dec,86821,www.llbean.com,/llb/shop/,,
13-Dec,86828,www.llbean.com,/llb/shop/,,
13-Dec,86870,www.llbean.com,/llb/shop/,,
13-Dec,86892,www.llbean.com,/llb/shop/,,
13-Dec,86896,www.llbean.com,/llb/shop/,,
13-Dec,86899,www.llbean.com,/llb/shop/,,
13-Dec,86901,www.llbean.com,/llb/shop/,,
13-Dec,86985,www.llbean.com,/llb/shop/,,
13-Dec,86986,www.llbean.com,/llb/shop/,,
13-Dec,86991,www.llbean.com,/llb/shop/,,
13-Dec,86993,www.llbean.com,/llb/shop/,,
13-Dec,87230,www.llbean.com,/llb/shop/,,
13-Dec,87240,www.llbean.com,/llb/shop/,,
13-Dec,87243,www.llbean.com,/llb/shop/,,
13-Dec,87446,www.llbean.com,/llb/shop/,,
13-Dec,87448,www.llbean.com,/llb/shop/,,
13-Dec,87449,www.llbean.com,/llb/shop/,,
13-Dec,87450,www.llbean.com,/llb/shop/,,
13-Dec,87512,www.llbean.com,/llb/shop/,,
13-Dec,87702,www.llbean.com,/llb/shop/,,
13-Dec,87703,www.llbean.com,/llb/shop/,,
13-Dec,87705,www.llbean.com,/llb/shop/,,
13-Dec,87824,www.llbean.com,/llb/shop/,,
13-Dec,87843,www.llbean.com,/llb/shop/,,
13-Dec,88236,www.llbean.com,/llb/shop/,,
13-Dec,88282,www.llbean.com,/llb/shop/,,
13-Dec,88443,www.llbean.com,/llb/shop/,,
13-Dec,88449,www.llbean.com,/llb/shop/,,
13-Dec,88451,www.llbean.com,/llb/shop/,,
13-Dec,88452,www.llbean.com,/llb/shop/,,
13-Dec,88457,www.llbean.com,/llb/shop/,,
13-Dec,88462,www.llbean.com,/llb/shop/,,
13-Dec,88472,www.llbean.com,/llb/shop/,,
13-Dec,88473,www.llbean.com,/llb/shop/,,
13-Dec,88502,www.llbean.com,/llb/shop/,,
13-Dec,88503,www.llbean.com,/llb/shop/,,
13-Dec,88552,www.llbean.com,/llb/shop/,,
13-Dec,88553,www.llbean.com,/llb/shop/,,
13-Dec,88554,www.llbean.com,/llb/shop/,,
13-Dec,88555,www.llbean.com,/llb/shop/,,
13-Dec,88588,www.llbean.com,/llb/shop/,,
13-Dec,88596,www.llbean.com,/llb/shop/,,
13-Dec,88605,www.llbean.com,/llb/shop/,,
13-Dec,88606,www.llbean.com,/llb/shop/,,
13-Dec,88645,www.llbean.com,/llb/shop/,,
13-Dec,88657,www.llbean.com,/llb/shop/,,
13-Dec,88662,www.llbean.com,/llb/shop/,,
13-Dec,88663,www.llbean.com,/llb/shop/,,
13-Dec,88664,www.llbean.com,/llb/shop/,,
13-Dec,88672,www.llbean.com,/llb/shop/,,
13-Dec,88684,www.llbean.com,/llb/shop/,,
13-Dec,88691,www.llbean.com,/llb/shop/,,
13-Dec,88694,www.llbean.com,/llb/shop/,,
13-Dec,88712,www.llbean.com,/llb/shop/,,
13-Dec,88755,www.llbean.com,/llb/shop/,,
13-Dec,88756,www.llbean.com,/llb/shop/,,
13-Dec,88758,www.llbean.com,/llb/shop/,,
13-Dec,88766,www.llbean.com,/llb/shop/,,
13-Dec,88793,www.llbean.com,/llb/shop/,,
13-Dec,88809,www.llbean.com,/llb/shop/,,
13-Dec,88895,www.llbean.com,/llb/shop/,,
13-Dec,88896,www.llbean.com,/llb/shop/,,
13-Dec,88993,www.llbean.com,/llb/shop/,,
13-Dec,89015,www.llbean.com,/llb/shop/,,
13-Dec,89081,www.llbean.com,/llb/shop/,,
13-Dec,89087,www.llbean.com,/llb/shop/,,
13-Dec,89097,www.llbean.com,/llb/shop/,,
13-Dec,89255,www.llbean.com,/llb/shop/,,
13-Dec,89279,www.llbean.com,/llb/shop/,,
13-Dec,89297,www.llbean.com,/llb/shop/,,
13-Dec,89299,www.llbean.com,/llb/shop/,,
13-Dec,89302,www.llbean.com,/llb/shop/,,
13-Dec,89313,www.llbean.com,/llb/shop/,,
13-Dec,89371,www.llbean.com,/llb/shop/,,
13-Dec,89372,www.llbean.com,/llb/shop/,,
13-Dec,89373,www.llbean.com,/llb/shop/,,
13-Dec,89374,www.llbean.com,/llb/shop/,,
13-Dec,89375,www.llbean.com,/llb/shop/,,
13-Dec,89379,www.llbean.com,/llb/shop/,,
13-Dec,89380,www.llbean.com,/llb/shop/,,
13-Dec,89381,www.llbean.com,/llb/shop/,,
13-Dec,89382,www.llbean.com,/llb/shop/,,
13-Dec,89383,www.llbean.com,/llb/shop/,,
13-Dec,89384,www.llbean.com,/llb/shop/,,
13-Dec,89385,www.llbean.com,/llb/shop/,,
13-Dec,89386,www.llbean.com,/llb/shop/,,
13-Dec,89441,www.llbean.com,/llb/shop/,,
13-Dec,89544,www.llbean.com,/llb/shop/,,
13-Dec,89546,www.llbean.com,/llb/shop/,,
13-Dec,89615,www.llbean.com,/llb/shop/,,
13-Dec,89624,www.llbean.com,/llb/shop/,,
13-Dec,89626,www.llbean.com,/llb/shop/,,
13-Dec,89713,www.llbean.com,/llb/shop/,,
13-Dec,89977,www.llbean.com,/llb/shop/,,
13-Dec,90056,www.llbean.com,/llb/shop/,,
13-Dec,90171,www.llbean.com,/llb/shop/,,
13-Dec,90180,www.llbean.com,/llb/shop/,,
13-Dec,90224,www.llbean.com,/llb/shop/,,
13-Dec,90234,www.llbean.com,/llb/shop/,,
13-Dec,90255,www.llbean.com,/llb/shop/,,
13-Dec,90267,www.llbean.com,/llb/shop/,,
13-Dec,90286,www.llbean.com,/llb/shop/,,
13-Dec,90294,www.llbean.com,/llb/shop/,,
13-Dec,90295,www.llbean.com,/llb/shop/,,
13-Dec,90296,www.llbean.com,/llb/shop/,,
13-Dec,90297,www.llbean.com,/llb/shop/,,
13-Dec,90299,www.llbean.com,/llb/shop/,,
13-Dec,90332,www.llbean.com,/llb/shop/,,
13-Dec,90333,www.llbean.com,/llb/shop/,,
13-Dec,90350,www.llbean.com,/llb/shop/,,
13-Dec,90351,www.llbean.com,/llb/shop/,,
13-Dec,90487,www.llbean.com,/llb/shop/,,
13-Dec,90513,www.llbean.com,/llb/shop/,,
13-Dec,90514,www.llbean.com,/llb/shop/,,
13-Dec,90525,www.llbean.com,/llb/shop/,,
13-Dec,90571,www.llbean.com,/llb/shop/,,
13-Dec,90572,www.llbean.com,/llb/shop/,,
13-Dec,90661,www.llbean.com,/llb/shop/,,
13-Dec,90664,www.llbean.com,/llb/shop/,,
13-Dec,90723,www.llbean.com,/llb/shop/,,
13-Dec,90724,www.llbean.com,/llb/shop/,,
13-Dec,90725,www.llbean.com,/llb/shop/,,
13-Dec,90726,www.llbean.com,/llb/shop/,,
13-Dec,90792,www.llbean.com,/llb/shop/,,
13-Dec,90793,www.llbean.com,/llb/shop/,,
13-Dec,90794,www.llbean.com,/llb/shop/,,
13-Dec,90795,www.llbean.com,/llb/shop/,,
13-Dec,90796,www.llbean.com,/llb/shop/,,
13-Dec,90797,www.llbean.com,/llb/shop/,,
13-Dec,91305,www.llbean.com,/llb/shop/,,
13-Dec,91309,www.llbean.com,/llb/shop/,,
13-Dec,91312,www.llbean.com,/llb/shop/,,
13-Dec,91317,www.llbean.com,/llb/shop/,,
13-Dec,91328,www.llbean.com,/llb/shop/,,
13-Dec,91329,www.llbean.com,/llb/shop/,,
13-Dec,91330,www.llbean.com,/llb/shop/,,
13-Dec,91331,www.llbean.com,/llb/shop/,,
13-Dec,91332,www.llbean.com,/llb/shop/,,
13-Dec,91333,www.llbean.com,/llb/shop/,,
13-Dec,91345,www.llbean.com,/llb/shop/,,
13-Dec,91350,www.llbean.com,/llb/shop/,,
13-Dec,91632,www.llbean.com,/llb/shop/,,
13-Dec,91658,www.llbean.com,/llb/shop/,,
13-Dec,91770,www.llbean.com,/llb/shop/,,
13-Dec,91774,www.llbean.com,/llb/shop/,,
13-Dec,91844,www.llbean.com,/llb/shop/,,
13-Dec,91850,www.llbean.com,/llb/shop/,,
13-Dec,91881,www.llbean.com,/llb/shop/,,
13-Dec,91882,www.llbean.com,/llb/shop/,,
13-Dec,91883,www.llbean.com,/llb/shop/,,
13-Dec,91884,www.llbean.com,/llb/shop/,,
13-Dec,91895,www.llbean.com,/llb/shop/,,
13-Dec,92182,www.llbean.com,/llb/shop/,,
13-Dec,92364,www.llbean.com,/llb/shop/,,
13-Dec,92365,www.llbean.com,/llb/shop/,,
13-Dec,92366,www.llbean.com,/llb/shop/,,
13-Dec,92368,www.llbean.com,/llb/shop/,,
13-Dec,92403,www.llbean.com,/llb/shop/,,
13-Dec,92624,www.llbean.com,/llb/shop/,,
13-Dec,92625,www.llbean.com,/llb/shop/,,
13-Dec,92626,www.llbean.com,/llb/shop/,,
13-Dec,92627,www.llbean.com,/llb/shop/,,
13-Dec,92634,www.llbean.com,/llb/shop/,,
13-Dec,92636,www.llbean.com,/llb/shop/,,
13-Dec,92637,www.llbean.com,/llb/shop/,,
13-Dec,92656,www.llbean.com,/llb/shop/,,
13-Dec,92657,www.llbean.com,/llb/shop/,,
13-Dec,92682,www.llbean.com,/llb/shop/,,
13-Dec,92683,www.llbean.com,/llb/shop/,,
13-Dec,92684,www.llbean.com,/llb/shop/,,
13-Dec,92685,www.llbean.com,/llb/shop/,,
13-Dec,92765,www.llbean.com,/llb/shop/,,
13-Dec,92877,www.llbean.com,/llb/shop/,,
13-Dec,92934,www.llbean.com,/llb/shop/,,
13-Dec,92959,www.llbean.com,/llb/shop/,,
13-Dec,92960,www.llbean.com,/llb/shop/,,
13-Dec,111041,www.llbean.com,/llb/shop/,,
13-Dec,111054,www.llbean.com,/llb/shop/,,
13-Dec,111055,www.llbean.com,/llb/shop/,,
13-Dec,111100,www.llbean.com,/llb/shop/,,
13-Dec,111148,www.llbean.com,/llb/shop/,,
13-Dec,111149,www.llbean.com,/llb/shop/,,
13-Dec,111472,www.llbean.com,/llb/shop/,,
13-Dec,111473,www.llbean.com,/llb/shop/,,
13-Dec,111474,www.llbean.com,/llb/shop/,,
13-Dec,111475,www.llbean.com,/llb/shop/,,
13-Dec,111478,www.llbean.com,/llb/shop/,,
13-Dec,111495,www.llbean.com,/llb/shop/,,
13-Dec,111577,www.llbean.com,/llb/shop/,,
13-Dec,112009,www.llbean.com,/llb/shop/,,
13-Dec,112010,www.llbean.com,/llb/shop/,,
13-Dec,112013,www.llbean.com,/llb/shop/,,
