id,image
45926,151102_BoatBoard_P5_30.png
71754,151102_BoatBoard_P5_30.png
87978,151102_BoatBoard_P5_30.png
87817,151102_BoatBoard_P5_30.png
87814,151102_BoatBoard_P5_30.png
87979,151102_BoatBoard_P5_30.png
87818,151102_BoatBoard_P5_30.png
87815,151102_BoatBoard_P5_30.png
87812,151102_BoatBoard_P5_30.png
73397,151102_BoatBoard_P5_30.png
87620,151102_BoatBoard_P5_30.png
87619,151102_BoatBoard_P5_30.png
87618,151102_BoatBoard_P5_30.png
87898,151102_BoatBoard_P5_30.png
81775,151102_BoatBoard_P5_30.png
87756,151102_BoatBoard_P5_30.png
87307,151102_BoatBoard_P5_30.png
87305,151102_BoatBoard_P5_30.png
87304,151102_BoatBoard_P5_30.png
87623,151102_BoatBoard_P5_30.png
87622,151102_BoatBoard_P5_30.png
87614,151102_BoatBoard_P5_30.png
87613,151102_BoatBoard_P5_30.png
81825,151102_BoatBoard_P5_30.png
81939,151102_BoatBoard_P5_30.png
81940,151102_BoatBoard_P5_30.png
87616,151102_BoatBoard_P5_30.png
87621,151102_BoatBoard_P5_30.png
87989,151102_BoatBoard_P5_30.png
81778,151102_BoatBoard_P5_30.png
87308,151102_BoatBoard_P5_30.png
87306,151102_BoatBoard_P5_30.png
87997,151102_BoatBoard_P5_30.png
87303,151102_BoatBoard_P5_30.png
87301,151102_BoatBoard_P5_30.png
87300,151102_BoatBoard_P5_30.png
